semana_inicio,se,observado,estimado,ic95_inf,ic95_sup,data_corte
2026-04-05,14,41,41,41,41,2026-10-03
2026-04-12,15,43,43,43,43,2026-10-03
2026-04-19,16,35,35,35,35,2026-10-03
2026-04-26,17,47,47,47,47,2026-10-03
2026-05-03,18,53,53,53,53,2026-10-03
2026-05-10,19,63,63,63,63,2026-10-03
2026-05-17,20,55,55,55,55,2026-10-03
2026-05-24,21,72,72,72,72,2026-10-03
2026-05-31,22,60,60,60,60,2026-10-03
2026-06-07,23,50,50,50,50,2026-10-03
2026-06-14,24,64,64,64,64,2026-10-03
2026-06-21,25,59,59,59,59,2026-10-03
2026-06-28,26,61,61,61,61,2026-10-03
2026-07-05,27,67,67,67,67,2026-10-03
2026-07-12,28,50,50,50,50,2026-10-03
2026-07-19,29,43,43,43,43,2026-10-03
2026-07-26,30,41,41,41,41,2026-10-03
2026-08-02,31,31,31,31,31,2026-10-03
2026-08-09,32,38,38,38,38,2026-10-03
2026-08-16,33,36,36,36,36,2026-10-03
2026-08-23,34,37,37,37,37,2026-10-03
2026-08-30,35,25,25,25,25,2026-10-03
2026-09-06,36,19,20,19,22,2026-10-03
2026-09-13,37,27,29,27,33,2026-10-03
2026-09-20,38,37,45,40,53,2026-10-03
2026-09-27,39,17,65,42,103,2026-10-03
